;ul_x;ul_y;dr_x;dr_y
0;0.2849702380952381;0.24503968253968253;0.3700396825396825;0.36210317460317454
1;0.2899305555555555;0.265542328042328;0.3598710317460317;0.3518518518518518
2;0.2822420634920635;0.2569444444444444;0.6512896825396826;0.5618386243386243
